SHOW DATABASES;

CREATE DATABASE insurance;
USE insurance;

CREATE TABLE PERSON (
    driver_id VARCHAR(10) PRIMARY KEY,
    name VARCHAR(20),
    address VARCHAR(30)
);
SELECT * FROM PERSON;

CREATE TABLE CAR (
    reg_num VARCHAR(10) PRIMARY KEY,
    model VARCHAR(10),
    year INT
);
SELECT * FROM CAR;

CREATE TABLE ACCIDENT (
    report_num INT PRIMARY KEY,
    accident_date DATE,
    location VARCHAR(20)
);
SELECT * FROM ACCIDENT;
CREATE TABLE OWNS (
    driver_id VARCHAR(10),
    reg_num VARCHAR(10),
    PRIMARY KEY (driver_id, reg_num),
    FOREIGN KEY (driver_id) REFERENCES PERSON(driver_id),
    FOREIGN KEY (reg_num) REFERENCES CAR(reg_num)
);
SELECT * FROM owns;

CREATE TABLE PARTICIPATED (
    driver_id VARCHAR(10),
    reg_num VARCHAR(10),
    report_num INT,
    damage_amount INT,
    PRIMARY KEY (driver_id, reg_num, report_num),
    FOREIGN KEY (driver_id) REFERENCES PERSON(driver_id),
    FOREIGN KEY (reg_num) REFERENCES CAR(reg_num),
    FOREIGN KEY (report_num) REFERENCES ACCIDENT(report_num)
);
SELECT * FROM participated;

INSERT INTO PERSON VALUES ('A01','Richard','Srinivas Nagar');
INSERT INTO PERSON VALUES ('A02','Pradeep','Rajajinagar');
INSERT INTO PERSON VALUES ('A03','Smith','Ashoknagar');
INSERT INTO PERSON VALUES ('A04','Venu','N.R.Colony');
INSERT INTO PERSON VALUES ('A05','John','Hanumanth Nagar');
SELECT * FROM PERSON;

INSERT INTO CAR VALUES ('KA052250','Indica',1990);
INSERT INTO CAR VALUES ('KA031181','Lancer',1957);
INSERT INTO CAR VALUES ('KA095477','Toyota',1998);
INSERT INTO CAR VALUES ('KA053408','Honda',2008);
INSERT INTO CAR VALUES ('KA041702','Audi',2005);
select * from car;

INSERT INTO ACCIDENT VALUES (11,'2003-01-01','Mysore Road');
INSERT INTO ACCIDENT VALUES (12,'2004-02-02','Southend Circle');
INSERT INTO ACCIDENT VALUES (13,'2003-01-21','Bulltemple Road');
INSERT INTO ACCIDENT VALUES (14,'2008-02-17','Mysore Road');
INSERT INTO ACCIDENT VALUES (15,'2005-03-04','Kanakpura Road');
select * from accident;

INSERT INTO OWNS VALUES ('A01','KA052250');
INSERT INTO OWNS VALUES ('A02','KA053408');
INSERT INTO OWNS VALUES ('A03','KA095477');
INSERT INTO OWNS VALUES ('A04','KA031181');
INSERT INTO OWNS VALUES ('A05','KA041702');
select * from owns;

INSERT INTO PARTICIPATED VALUES ('A01','KA052250',11,10000);
INSERT INTO PARTICIPATED VALUES ('A02','KA053408',12,50000);
INSERT INTO PARTICIPATED VALUES ('A03','KA095477',13,25000);
INSERT INTO PARTICIPATED VALUES ('A04','KA031181',14,3000);
INSERT INTO PARTICIPATED VALUES ('A05','KA041702',15,5000);
select * from participated;

UPDATE PARTICIPATED
SET damage_amount = 25000
WHERE reg_num = 'KA053408' AND report_num = 12;
select * from participated;

INSERT INTO ACCIDENT VALUES (16,'2008-03-15','Domlur');
COMMIT;
SELECT * FROM ACCIDENT;

SELECT accident_date, location FROM ACCIDENT;
SELECT * FROM ACCIDENT;

SELECT driver_id FROM PARTICIPATED WHERE damage_amount >= 25000;

